<?xml version="1.0"?>
<sequence version="3.00" name="Post OS Installation Task Sequence" description="A task sequence for configuring an Operating System after install">
  <group name="State Restore" disable="false" continueOnError="false" description="" expand="true">
    <step type="SMS_TaskSequence_SetVariableAction" name="Set Image Build" description="" disable="false" continueOnError="false" successCodeList="0 3010">
      <defaultVarList>
        <variable name="VariableName" property="VariableName">ImageBuild</variable>
        <variable name="VariableValue" property="VariableValue">%OSCURRENTVERSION%</variable>
      </defaultVarList>
      <action>cscript.exe "%SCRIPTROOT%\ZTISetVariable.wsf"</action>
    </step>
    <step type="SMS_TaskSequence_SetVariableAction" name="Set ImageFlags" description="" disable="false" continueOnError="false" successCodeList="0 3010">
      <defaultVarList>
        <variable name="VariableName" property="VariableName">ImageFlags</variable>
        <variable name="VariableValue" property="VariableValue">%OSSKU%</variable>
      </defaultVarList>
      <action>cscript.exe "%SCRIPTROOT%\ZTISetVariable.wsf"</action>
    </step>
    <step type="SMS_TaskSequence_SetVariableAction" name="Set Phase" description="" disable="false" continueOnError="false" successCodeList="0 3010">
      <defaultVarList>
        <variable name="VariableName" property="VariableName">PHASE</variable>
        <variable name="VariableValue" property="VariableValue">STATERESTORE</variable>
      </defaultVarList>
      <action>cscript.exe "%SCRIPTROOT%\ZTISetVariable.wsf"</action>
    </step>
    <step type="SMS_TaskSequence_ApplyNetworkSettingsAction" name="Apply Network Settings" disable="false" continueOnError="false" successCodeList="0" description="" startIn="">
      <action>cscript.exe "%SCRIPTROOT%\ZTINICConfig.wsf"</action>
      <defaultVarList>
        <variable name="OSDAdapterCount" property="NumAdapters">0</variable>
        <variable name="OSDAdapter" property="Adapters">0</variable>
      </defaultVarList>
    </step>
    <step type="BDD_Gather" name="Gather local only" disable="false" continueOnError="false" successCodeList="0 3010" description="" startIn="">
      <defaultVarList>
        <variable name="GatherLocalOnly" property="GatherLocalOnly">true</variable>
        <variable name="RulesFile" property="RulesFile"></variable>
      </defaultVarList>
      <action>cscript.exe "%SCRIPTROOT%\ZTIGather.wsf"</action>
    </step>
    <step name="Post-Apply Cleanup" disable="false" continueOnError="false" successCodeList="0 3010" description="" startIn="">
      <action>cscript.exe "%SCRIPTROOT%\LTIApply.wsf" /post</action>
      <defaultVarList>
        <variable name="RunAsUser" property="RunAsUser">false</variable>
        <variable name="SMSTSRunCommandLineUserName" property="SMSTSRunCommandLineUserName"></variable>
        <variable name="SMSTSRunCommandLineUserPassword" property="SMSTSRunCommandLineUserPassword"></variable>
        <variable name="LoadProfile" property="LoadProfile">false</variable>
      </defaultVarList>
    </step>
    <step name="Tattoo" disable="false" continueOnError="true" successCodeList="0 3010" description="" startIn="">
      <action>cscript.exe "%SCRIPTROOT%\ZTITatoo.wsf"</action>
      <defaultVarList>
        <variable name="RunAsUser" property="RunAsUser">false</variable>
        <variable name="SMSTSRunCommandLineUserName" property="SMSTSRunCommandLineUserName"></variable>
        <variable name="SMSTSRunCommandLineUserPassword" property="SMSTSRunCommandLineUserPassword"></variable>
        <variable name="LoadProfile" property="LoadProfile">false</variable>
      </defaultVarList>
    </step>
    <step name="Opt In to CEIP and WER" disable="true" continueOnError="true" successCodeList="0 3010" description="" startIn="">
      <action>cscript.exe "%SCRIPTROOT%\ZTIOptIn.wsf" /CEIP:YES /WER:YES</action>
      <defaultVarList>
        <variable name="RunAsUser" property="RunAsUser">false</variable>
        <variable name="SMSTSRunCommandLineUserName" property="SMSTSRunCommandLineUserName"></variable>
        <variable name="SMSTSRunCommandLineUserPassword" property="SMSTSRunCommandLineUserPassword"></variable>
        <variable name="LoadProfile" property="LoadProfile">false</variable>
      </defaultVarList>
    </step>
    <step name="Windows Update (Pre-Application Installation)" disable="false" continueOnError="true" successCodeList="0 3010" description="" startIn="">
      <action>cscript.exe "%SCRIPTROOT%\ZTIWindowsUpdate.wsf"</action>
      <defaultVarList>
        <variable name="RunAsUser" property="RunAsUser">false</variable>
        <variable name="SMSTSRunCommandLineUserName" property="SMSTSRunCommandLineUserName"></variable>
        <variable name="SMSTSRunCommandLineUserPassword" property="SMSTSRunCommandLineUserPassword"></variable>
        <variable name="LoadProfile" property="LoadProfile">false</variable>
      </defaultVarList>
      <condition>
        <operator type="and">
          <expression type="SMS_TaskSequence_VariableConditionExpression">
            <variable name="Variable">WindowsUpdate</variable>
            <variable name="Operator">equals</variable>
            <variable name="Value">True</variable>
          </expression>
        </operator>
      </condition>
    </step>
    <group expand="true" name="Applications" description="" disable="false" continueOnError="false">
      <action />
      <step type="BDD_InstallApplication" name="Dependencies and Runtimes (bundle)" description="" disable="false" continueOnError="false" runIn="WinPEandFullOS" successCodeList="0 3010">
        <defaultVarList>
          <variable name="ApplicationGUID" property="ApplicationGUID">{a7103a1c-a75e-409f-91f9-f8a72eb69eb8}</variable>
          <variable name="ApplicationSuccessCodes" property="ApplicationSuccessCodes">0 3010</variable>
        </defaultVarList>
        <action>cscript.exe "%SCRIPTROOT%\ZTIApplications.wsf"</action>
      </step>
      <step type="SMS_TaskSequence_RebootAction" name="Restart computer" description="" disable="false" continueOnError="false" runIn="WinPEandFullOS" successCodeList="0 3010">
        <defaultVarList>
          <variable name="SMSRebootMessage" property="Message" />
          <variable name="SMSRebootTimeout" property="MessageTimeout">60</variable>
          <variable name="SMSRebootTarget" property="Target" />
        </defaultVarList>
        <action>smsboot.exe /target:WinPE</action>
      </step>
      <step type="BDD_InstallApplication" name="Citrix Controller and Director" description="" disable="false" continueOnError="false" runIn="WinPEandFullOS" successCodeList="0 3010">
        <defaultVarList>
          <variable name="ApplicationGUID" property="ApplicationGUID">{cc2b039e-a260-4634-aeb0-80c195a377d2}</variable>
          <variable name="ApplicationSuccessCodes" property="ApplicationSuccessCodes">0 3010</variable>
        </defaultVarList>
        <action>cscript.exe "%SCRIPTROOT%\ZTIApplications.wsf"</action>
      </step>
      <step type="BDD_InstallApplication" name="Citrix Studio" description="" disable="false" continueOnError="false" runIn="WinPEandFullOS" successCodeList="0 3010">
        <defaultVarList>
          <variable name="ApplicationGUID" property="ApplicationGUID">{44a918a3-11b4-4db0-abfe-43271950b059}</variable>
          <variable name="ApplicationSuccessCodes" property="ApplicationSuccessCodes">0 3010</variable>
        </defaultVarList>
        <action>cscript.exe "%SCRIPTROOT%\ZTIApplications.wsf"</action>
      </step>
      <step type="BDD_InstallApplication" name="Citrix Workspace Environment Management Infrastructure Services" description="" disable="true" continueOnError="false" runIn="WinPEandFullOS" successCodeList="0 3010">
        <defaultVarList>
          <variable name="ApplicationGUID" property="ApplicationGUID">{b5cbe91b-7f9f-4848-a49b-998e6882d131}</variable>
          <variable name="ApplicationSuccessCodes" property="ApplicationSuccessCodes">0 3010</variable>
        </defaultVarList>
        <action>cscript.exe "%SCRIPTROOT%\ZTIApplications.wsf"</action>
      </step>
      <step type="SMS_TaskSequence_RebootAction" name="Restart computer" description="" disable="false" continueOnError="false" runIn="WinPEandFullOS" successCodeList="0 3010">
        <defaultVarList>
          <variable name="SMSRebootMessage" property="Message" />
          <variable name="SMSRebootTimeout" property="MessageTimeout">60</variable>
          <variable name="SMSRebootTarget" property="Target" />
        </defaultVarList>
        <action>smsboot.exe /target:WinPE</action>
      </step>
      <step type="BDD_RunPowerShellAction" name="Import Certificate VCSA" description="" disable="false" continueOnError="true" successCodeList="0 3010">
        <defaultVarList>
          <variable name="ScriptName" property="ScriptName">%DEPLOYROOT%\Applications\Scripts\Import Certificate VCSA.ps1</variable>
          <variable name="Parameters" property="Parameters"></variable>
          <variable name="PackageID" property="PackageID" />
        </defaultVarList>
        <action>cscript.exe "%SCRIPTROOT%\ZTIPowerShell.wsf</action>
        <condition>
          <operator type="and">
            <expression type="SMS_TaskSequence_VariableConditionExpression">
              <variable name="Variable">VMPlatform</variable>
              <variable name="Operator">equals</variable>
              <variable name="Value">VMware</variable>
            </expression>
          </operator>
        </condition>
      </step>
      <step type="BDD_RunPowerShellAction" name="Import and Bind Certificate" description="" disable="false" continueOnError="true" successCodeList="0 3010">
        <defaultVarList>
          <variable name="ScriptName" property="ScriptName">%DEPLOYROOT%\Applications\Scripts\Import and Bind Certificate.ps1</variable>
          <variable name="Parameters" property="Parameters"></variable>
          <variable name="PackageID" property="PackageID" />
        </defaultVarList>
        <action>cscript.exe "%SCRIPTROOT%\ZTIPowerShell.wsf</action>
        <condition>
          <operator type="and">
            <expression type="SMS_TaskSequence_VariableConditionExpression">
              <variable name="Variable">ImportCertificate</variable>
              <variable name="Operator">equals</variable>
              <variable name="Value">True</variable>
            </expression>
          </operator>
        </condition>
      </step>
      <step type="SMS_TaskSequence_RunCommandLineAction" name="Configure Citrix Site" description="PLEASE CONFIGURE BEFORE ENABLING" disable="false" continueOnError="true" startIn="%DEPLOYROOT%\Applications\Citrix\XenDesktop" successCodeList="0 3010" runIn="WinPEandFullOS">
        <defaultVarList>
          <variable name="PackageID" property="PackageID" />
          <variable name="RunAsUser" property="RunAsUser">true</variable>
          <variable name="SMSTSRunCommandLineUserName" property="SMSTSRunCommandLineUserName">ctxlab\administrator</variable>
          <variable name="SMSTSRunCommandLineUserPassword" property="SMSTSRunCommandLineUserPassword">b6ZAMHfNzn5Ly7myKTD8</variable>
          <variable name="LoadProfile" property="LoadProfile">true</variable>
        </defaultVarList>
        <action>%TOOLROOT%\bddrun.exe /runas powershell.exe -ExecutionPolicy Bypass -F "%DEPLOYROOT%\Applications\Citrix\XenDesktop\Configure_XenApp_XenDesktop_Site.ps1"</action>
      </step>
      <step type="BDD_InstallApplication" name="Configure Citrix WEM" description="PLEASE CONFIGURE BEFORE ENABLING" disable="true" continueOnError="false" runIn="WinPEandFullOS" successCodeList="0 3010">
        <defaultVarList>
          <variable name="ApplicationGUID" property="ApplicationGUID">{71efa742-3bbe-4536-a3dc-2255aa27ce69}</variable>
          <variable name="ApplicationSuccessCodes" property="ApplicationSuccessCodes">0 3010</variable>
        </defaultVarList>
        <action>cscript.exe "%SCRIPTROOT%\ZTIApplications.wsf"</action>
      </step>
      <step type="BDD_InstallApplication" name="Citrix Cloud Connector" description="" disable="true" continueOnError="false" runIn="WinPEandFullOS" successCodeList="0 3010">
        <defaultVarList>
          <variable name="ApplicationGUID" property="ApplicationGUID">{d072f12f-cee3-4dde-81ed-329fa8483675}</variable>
          <variable name="ApplicationSuccessCodes" property="ApplicationSuccessCodes">0 3010</variable>
        </defaultVarList>
        <action>cscript.exe "%SCRIPTROOT%\ZTIApplications.wsf"</action>
      </step>
    </group>
    <step name="Windows Update (Post-Application Installation)" disable="false" continueOnError="true" successCodeList="0 3010" description="" startIn="">
      <action>cscript.exe "%SCRIPTROOT%\ZTIWindowsUpdate.wsf"</action>
      <defaultVarList>
        <variable name="RunAsUser" property="RunAsUser">false</variable>
        <variable name="SMSTSRunCommandLineUserName" property="SMSTSRunCommandLineUserName"></variable>
        <variable name="SMSTSRunCommandLineUserPassword" property="SMSTSRunCommandLineUserPassword"></variable>
        <variable name="LoadProfile" property="LoadProfile">false</variable>
      </defaultVarList>
      <condition>
        <operator type="and">
          <expression type="SMS_TaskSequence_VariableConditionExpression">
            <variable name="Variable">WindowsUpdate</variable>
            <variable name="Operator">equals</variable>
            <variable name="Value">True</variable>
          </expression>
        </operator>
      </condition>
    </step>
    <step type="SMS_TaskSequence_EnableBitLockerAction" name="Enable BitLocker" continueOnError="true" successCodeList="0 3010" description="" startIn="">
      <action>cscript.exe "%SCRIPTROOT%\ZTIBde.wsf"</action>
      <condition>
        <expression type="SMS_TaskSequence_VariableConditionExpression">
          <variable name="Variable">BdeInstallSuppress</variable>
          <variable name="Operator">notEquals</variable>
          <variable name="Value">YES</variable>
        </expression>
      </condition>
      <defaultVarList>
        <variable name="OSDBitLockerTargetDrive" property="BdeTargetDriveLetter"></variable>
        <variable name="OSDBitLockerMode" property="BdeInstall">TPM</variable>
        <variable name="OSDBitLockerStartupKeyDrive" property="BdeKeyLocation"></variable>
        <variable name="OSDBitLockerCreateRecoveryPassword" property="BdeRecoveryPassword">AD</variable>
        <variable name="OSDBitLockerWaitForEncryption" property="WaitForEncryption">false</variable>
      </defaultVarList>
    </step>
    <step name="Restore User State" disable="false" continueOnError="false" successCodeList="0 3010" description="" startIn="">
      <action>cscript.exe "%SCRIPTROOT%\ZTIUserState.wsf" /restore</action>
      <defaultVarList>
        <variable name="RunAsUser" property="RunAsUser">false</variable>
        <variable name="SMSTSRunCommandLineUserName" property="SMSTSRunCommandLineUserName"></variable>
        <variable name="SMSTSRunCommandLineUserPassword" property="SMSTSRunCommandLineUserPassword"></variable>
        <variable name="LoadProfile" property="LoadProfile">false</variable>
      </defaultVarList>
    </step>
    <step name="Restore Groups" disable="false" continueOnError="false" successCodeList="0 3010" description="" startIn="">
      <action>cscript.exe "%SCRIPTROOT%\ZTIGroups.wsf" /restore</action>
      <defaultVarList>
        <variable name="RunAsUser" property="RunAsUser">false</variable>
        <variable name="SMSTSRunCommandLineUserName" property="SMSTSRunCommandLineUserName"></variable>
        <variable name="SMSTSRunCommandLineUserPassword" property="SMSTSRunCommandLineUserPassword"></variable>
        <variable name="LoadProfile" property="LoadProfile">false</variable>
      </defaultVarList>
    </step>
    <step name="Apply Local GPO Package" description="" disable="false" continueOnError="false" startIn="" successCodeList="0 3010">
      <action>cscript.exe "%SCRIPTROOT%\ZTIApplyGPOPack.wsf"</action>
      <condition>
        <expression type="SMS_TaskSequence_VariableConditionExpression">
          <variable name="Variable">ApplyGPOPack</variable>
          <variable name="Operator">notEquals</variable>
          <variable name="Value">NO</variable>
        </expression>
      </condition>
      <defaultVarList>
        <variable name="RunAsUser" property="RunAsUser">false</variable>
        <variable name="SMSTSRunCommandLineUserName" property="SMSTSRunCommandLineUserName"></variable>
        <variable name="SMSTSRunCommandLineUserPassword" property="SMSTSRunCommandLineUserPassword"></variable>
        <variable name="LoadProfile" property="LoadProfile">false</variable>
      </defaultVarList>
    </step>
    <group expand="false" name="Imaging" description="" disable="false" continueOnError="false">
      <action />
      <group name="Prepare Only" disable="false" continueOnError="false" expand="false" description="">
        <condition>
          <expression type="SMS_TaskSequence_VariableConditionExpression">
            <variable name="Variable">DoCapture</variable>
            <variable name="Operator">equals</variable>
            <variable name="Value">PREPARE</variable>
          </expression>
        </condition>
        <step name="Copy Sysprep files" disable="false" continueOnError="false" successCodeList="0 3010" description="" startIn="">
          <action>cscript.exe "%SCRIPTROOT%\LTISysprep.wsf"</action>
          <defaultVarList>
            <variable name="RunAsUser" property="RunAsUser">false</variable>
            <variable name="SMSTSRunCommandLineUserName" property="SMSTSRunCommandLineUserName"></variable>
            <variable name="SMSTSRunCommandLineUserPassword" property="SMSTSRunCommandLineUserPassword"></variable>
            <variable name="LoadProfile" property="LoadProfile">false</variable>
          </defaultVarList>
        </step>
      </group>
      <group name="Sysprep Only" disable="false" continueOnError="false" expand="false" description="">
        <condition>
          <expression type="SMS_TaskSequence_VariableConditionExpression">
            <variable name="Variable">DoCapture</variable>
            <variable name="Operator">equals</variable>
            <variable name="Value">SYSPREP</variable>
          </expression>
        </condition>
        <step name="Add mass storage drivers to sysprep.inf for XP and 2003" disable="false" continueOnError="false" successCodeList="0 3010" description="" startIn="">
          <action>cscript.exe "%SCRIPTROOT%\ZTIDrivers.wsf"</action>
          <defaultVarList>
            <variable name="RunAsUser" property="RunAsUser">false</variable>
            <variable name="SMSTSRunCommandLineUserName" property="SMSTSRunCommandLineUserName"></variable>
            <variable name="SMSTSRunCommandLineUserPassword" property="SMSTSRunCommandLineUserPassword"></variable>
            <variable name="LoadProfile" property="LoadProfile">false</variable>
          </defaultVarList>
        </step>
        <step name="Execute Sysprep" disable="false" continueOnError="false" successCodeList="0 3010" description="" startIn="">
          <action>cscript.exe "%SCRIPTROOT%\LTISysprep.wsf"</action>
          <defaultVarList>
            <variable name="RunAsUser" property="RunAsUser">false</variable>
            <variable name="SMSTSRunCommandLineUserName" property="SMSTSRunCommandLineUserName"></variable>
            <variable name="SMSTSRunCommandLineUserPassword" property="SMSTSRunCommandLineUserPassword"></variable>
            <variable name="LoadProfile" property="LoadProfile">false</variable>
          </defaultVarList>
        </step>
      </group>
      <group name="Capture Image" disable="false" continueOnError="false" expand="false" description="">
        <condition>
          <expression type="SMS_TaskSequence_VariableConditionExpression">
            <variable name="Variable">DoCapture</variable>
            <variable name="Operator">equals</variable>
            <variable name="Value">YES</variable>
          </expression>
        </condition>
        <step name="Apply Windows PE" disable="false" continueOnError="false" successCodeList="0 3010" description="" startIn="">
          <action>cscript.exe "%SCRIPTROOT%\LTIApply.wsf" /PE /STAGE</action>
          <defaultVarList>
            <variable name="RunAsUser" property="RunAsUser">false</variable>
            <variable name="SMSTSRunCommandLineUserName" property="SMSTSRunCommandLineUserName"></variable>
            <variable name="SMSTSRunCommandLineUserPassword" property="SMSTSRunCommandLineUserPassword"></variable>
            <variable name="LoadProfile" property="LoadProfile">false</variable>
          </defaultVarList>
        </step>
        <step name="Add mass storage drivers to sysprep.inf for XP and 2003" disable="false" continueOnError="false" successCodeList="0 3010" description="" startIn="">
          <action>cscript.exe "%SCRIPTROOT%\ZTIDrivers.wsf"</action>
          <defaultVarList>
            <variable name="RunAsUser" property="RunAsUser">false</variable>
            <variable name="SMSTSRunCommandLineUserName" property="SMSTSRunCommandLineUserName"></variable>
            <variable name="SMSTSRunCommandLineUserPassword" property="SMSTSRunCommandLineUserPassword"></variable>
            <variable name="LoadProfile" property="LoadProfile">false</variable>
          </defaultVarList>
        </step>
        <step name="Execute Sysprep" disable="false" continueOnError="false" successCodeList="0 3010" description="" startIn="">
          <action>cscript.exe "%SCRIPTROOT%\LTISysprep.wsf"</action>
          <defaultVarList>
            <variable name="RunAsUser" property="RunAsUser">false</variable>
            <variable name="SMSTSRunCommandLineUserName" property="SMSTSRunCommandLineUserName"></variable>
            <variable name="SMSTSRunCommandLineUserPassword" property="SMSTSRunCommandLineUserPassword"></variable>
            <variable name="LoadProfile" property="LoadProfile">false</variable>
          </defaultVarList>
        </step>
        <step name="Apply Windows PE (BCD)" disable="false" continueOnError="false" successCodeList="0 3010" description="" startIn="">
          <action>cscript.exe "%_SMSTSMDataPath%\Scripts\LTIApply.wsf" /PE /BCD</action>
          <defaultVarList>
            <variable name="RunAsUser" property="RunAsUser">false</variable>
            <variable name="SMSTSRunCommandLineUserName" property="SMSTSRunCommandLineUserName"></variable>
            <variable name="SMSTSRunCommandLineUserPassword" property="SMSTSRunCommandLineUserPassword"></variable>
            <variable name="LoadProfile" property="LoadProfile">false</variable>
          </defaultVarList>
        </step>
        <step type="SMS_TaskSequence_RebootAction" name="Restart computer" description="" disable="false" continueOnError="false" runIn="WinPEandFullOS" successCodeList="0 3010">
          <defaultVarList>
            <variable name="Message" property="Message"></variable>
            <variable name="MessageTimeout" property="MessageTimeout">60</variable>
            <variable name="Target" property="Target"></variable>
          </defaultVarList>
          <action>smsboot.exe /target:WinPE</action>
        </step>
        <step type="BDD_Gather" name="Gather local only" disable="false" continueOnError="false" successCodeList="0 3010" description="" startIn="">
          <defaultVarList>
            <variable name="GatherLocalOnly" property="GatherLocalOnly">true</variable>
            <variable name="RulesFile" property="RulesFile"></variable>
          </defaultVarList>
          <action>cscript.exe "%SCRIPTROOT%\ZTIGather.wsf"</action>
        </step>
        <step name="Create WIM" disable="false" continueOnError="false" successCodeList="0 3010" description="" startIn="">
          <action>cscript.exe "%SCRIPTROOT%\ZTIBackup.wsf"</action>
          <defaultVarList>
            <variable name="RunAsUser" property="RunAsUser">false</variable>
            <variable name="SMSTSRunCommandLineUserName" property="SMSTSRunCommandLineUserName"></variable>
            <variable name="SMSTSRunCommandLineUserPassword" property="SMSTSRunCommandLineUserPassword"></variable>
            <variable name="LoadProfile" property="LoadProfile">false</variable>
          </defaultVarList>
        </step>
      </group>
    </group>
  </group>
</sequence>