<groups><group guid="{00000000-0000-0000-0000-000000000000}" enable="True"><Name>default</Name><Comments>default folder (root)</Comments></group><group guid="{FFFFFFFF-FFFF-FFFF-FFFF-FFFFFFFFFFFF}" enable="True"><Name>hidden</Name><Comments>This folder contains shared source items that have not been made explicitly visible in this deployment share.</Comments></group><group guid="{82ad4f8b-f521-46b4-9dd3-ca2527bdff7d}" enable="True"><Name>Citrix</Name><CreatedTime>16.06.2015 10:27:32</CreatedTime><CreatedBy>ctxlab\administrator</CreatedBy><LastModifiedTime>09.09.2019 18:55:36</LastModifiedTime><LastModifiedBy>ctxlab\eric</LastModifiedBy><Member>{e73c309a-16ce-4498-aa02-e77cc932966f}</Member><Member>{1405e166-e40e-455b-9a47-4ee6f431152c}</Member><Member>{0c609310-9f59-4fe0-a919-7017e74b7d8d}</Member><Member>{86542cb0-5071-46e2-bfd0-26921cc8f66a}</Member><Member>{d072f12f-cee3-4dde-81ed-329fa8483675}</Member><Member>{cc2b039e-a260-4634-aeb0-80c195a377d2}</Member><Member>{c058d82e-a84c-44fc-9e49-524655fa2c4a}</Member><Member>{73d6b356-ea92-4306-bc5a-8274388df076}</Member><Member>{87a40f65-8465-43c2-ae99-ed5aa861e88f}</Member><Member>{f8b18256-3e40-41cf-9d8d-725a5351f1c0}</Member><Member>{cec0dca7-0b6d-4d94-b441-f66602df6f7e}</Member><Member>{cb1211db-6bdc-45df-a0ac-c50ac7e47d2b}</Member><Member>{a646987c-9069-44d9-86fb-53bdad8802c3}</Member><Member>{686bca48-dcef-4583-88b9-0edabc2f5375}</Member><Member>{6b65ea78-eb32-4d5d-a3bc-93e8367f6a1c}</Member><Member>{e8bde254-9f75-43ec-a668-0c5ff0453995}</Member><Member>{cf0253ca-af48-4d2c-91a7-f81efd7c1f16}</Member><Member>{d7190bb1-b44e-4a30-97be-a10ee3a89dd9}</Member><Member>{bcc51f7f-ccbf-4e0c-8c51-9f3a808bffc5}</Member><Member>{da2b1103-5d8f-492c-aa54-b89dabe6ab41}</Member><Member>{12b53935-e35f-4212-b215-11632f16006b}</Member><Member>{732f38aa-570c-4d04-b1a4-ebda4387e598}</Member><Member>{44a918a3-11b4-4db0-abfe-43271950b059}</Member><Member>{3f284d0e-983c-4ba5-b6be-431222e7ad31}</Member><Member>{223c086f-b894-43a1-9073-e4639fb6b2d7}</Member><Member>{c2dd895a-e457-41cb-b8ca-96ed4e37cbcd}</Member><Member>{5dbb22a3-0f68-4f0b-af30-565406be005c}</Member><Member>{79d5b6da-6edf-4e1e-ae37-1e38173dd56f}</Member><Member>{f253e1c4-2ab7-47f1-92f1-26565b4ca19f}</Member><Member>{b5cbe91b-7f9f-4848-a49b-998e6882d131}</Member><Member>{a3fcc757-3b01-466d-85fd-ec02ca150f76}</Member><Member>{67d2b823-bc76-44d8-a0b0-0baa738f48cf}</Member><Member>{da5124ad-e258-40f8-b82d-a9b3b747c116}</Member><Member>{f3045b9f-3691-4222-9bb8-4e766da8d8f8}</Member><Member>{2459dd7b-74f5-47d4-841d-85412ce5e9e4}</Member><Member>{35ff8d17-f6a3-4e0e-8a60-b0311dd083f0}</Member><Member>{280efdf4-35d0-4319-a76d-98cff4f9b090}</Member><Member>{0b49a28b-9dbf-4a26-9d9d-46ec22806e6d}</Member><Member>{13f895e9-eb31-4737-b576-1562a66dcf4d}</Member><Member>{29a6057e-cac6-4db9-adbf-0df2e2bac632}</Member><Member>{5226a5f5-293e-4b68-a951-c49b2bf935cb}</Member><Member>{75993ed2-cb01-4576-8ad9-8641656491e4}</Member><Member>{b863dd21-1eaa-458a-a305-37fb97c761f9}</Member><Member>{eadd7d0a-b540-47c3-ac05-b75466cac72c}</Member><Member>{bfc1b59b-4748-4856-8d38-0b3ca1e5ead7}</Member><Member>{7c8981e3-e38a-43d8-a29b-9b066c28533f}</Member><Member>{c4b472e7-3d0d-4702-a24f-dffc7e3cb274}</Member><Member>{101f414e-21f8-463b-b755-05dc0093754c}</Member><Member>{26f083e2-b232-440c-aa5b-1c27ac4f838f}</Member><Member>{71efa742-3bbe-4536-a3dc-2255aa27ce69}</Member></group><group guid="{781b43f2-c605-48cf-9815-1d30706d57ec}" enable="True"><Name>Microsoft</Name><CreatedTime>16.06.2015 10:27:32</CreatedTime><CreatedBy>ctxlab\administrator</CreatedBy><LastModifiedTime>02.10.2019 10:07:33</LastModifiedTime><LastModifiedBy>ctxlab\Administrator</LastModifiedBy><Member>{a12210cc-ccc9-484d-87c8-d87be2a9bd89}</Member><Member>{82e57104-8598-4883-b08f-aead0c6c216f}</Member><Member>{f370f9c8-7549-443d-833d-fbd9eb38bc0f}</Member><Member>{410851e6-e6b8-4d7f-b067-3f5a231722e3}</Member><Member>{89f0dd84-6432-4cca-95c3-ad9cd8c22025}</Member><Member>{77fcc3eb-47fe-457f-b5ba-d7d3bf20fa0c}</Member><Member>{3ab49dfe-d3f4-40b5-b272-5bba7c9eb1aa}</Member><Member>{e092a0a5-8f61-4b1f-8834-329c81930965}</Member><Member>{99dbb2c4-6296-4f11-9c09-51637d29b09b}</Member><Member>{e6850aff-66ee-420d-b327-625e628446bd}</Member><Member>{c5ec38e8-935a-4956-a138-d777051b39b8}</Member><Member>{55b12422-2923-4bef-9e64-fa96ccd31451}</Member><Member>{ed7dada8-9cd1-4453-9eba-e589e9ce990f}</Member><Member>{627751ba-3fc1-47d7-81b8-d2ad22943552}</Member><Member>{f5bd35e5-9a7f-446f-a44f-7726edbdb7cb}</Member><Member>{dbff8fed-5572-4358-86e3-8d85e370c259}</Member><Member>{5ec9ab2b-723c-49bb-9ba3-044aff362db3}</Member><Member>{12ada39f-97e9-49a8-95c8-c0fc0a4e8cc0}</Member><Member>{622eebbc-374c-4c68-b5df-b37072d27cc1}</Member><Member>{19d0e509-a831-41d5-9cf4-3041b4b89c18}</Member><Member>{0364c990-1c7e-4709-9239-e3e5af43f42e}</Member><Member>{d601e622-a74a-424a-a200-f0d75e0a3204}</Member><Member>{ab95cc6e-3508-43cc-a13f-6a82a1eb3779}</Member><Member>{94c6e563-845a-42cc-817c-17e83e7357f7}</Member><Member>{88c2b77a-3c35-437e-9f0b-b41de372ead8}</Member><Member>{d9527d9f-5add-4820-a725-e5f893ae7c78}</Member><Member>{46f0355b-c507-424a-8b58-ab7e750b4342}</Member><Member>{7d9de97f-3da3-4df7-b2d2-aa24f1170f9d}</Member><Member>{345df07b-9853-4e14-8a09-4def17cf6383}</Member><Member>{5331e4f2-9d2e-4afb-ab83-cfbeab8e70f3}</Member><Member>{fabdb54b-1d7f-4058-9a83-a77d6402fd08}</Member><Member>{c873e39b-42f6-46ba-b4f5-0d5a6452fccc}</Member><Member>{12240b05-9b39-4dd7-afc3-8f6ee34eae5c}</Member><Member>{117b7b93-df86-4a44-b196-2f3ba2069b41}</Member><Member>{7634a432-6b12-47dc-be57-6dea646ad954}</Member><Member>{68a1737a-2aca-4e55-9430-b2d18ac63b11}</Member><Member>{c51c4872-563c-48ec-a12e-d2c068137bf2}</Member><Member>{831e7c10-03bb-40b4-ace2-d4dc1ea52864}</Member><Member>{fd34e65f-45c0-4c71-919d-470b18237039}</Member><Member>{5969c4c8-847e-448d-bf57-ab111276b74d}</Member><Member>{70c51dfa-921e-4015-8859-0c0105b016e3}</Member><Member>{2cd3c372-7c70-4875-bb5d-9856619e2175}</Member><Member>{27556307-ad6d-485d-94c8-1da1d870c223}</Member><Member>{8bcc6929-c1ae-4108-8ecf-86fe822af5fd}</Member><Member>{de9d9a6a-399d-4160-902d-3d314a0c4726}</Member><Member>{08a35c85-b1ac-45f0-b6af-1dcc65b957ae}</Member><Member>{83e2aa0c-9dbd-4b61-8fc5-0a0120c67b59}</Member><Member>{bf93d322-e479-4121-9575-59be6fe1640a}</Member><Member>{1a0f2ad9-dd21-4fee-a688-b1ab05d5239c}</Member><Member>{a4a126e3-b402-4aeb-80f4-24798968412b}</Member><Member>{42ed9e28-8dc3-4fb5-9d9e-b3a6ab4c3a1c}</Member><Member>{485551bb-a664-441d-890c-51c62569242d}</Member><Member>{55f4b25a-bf19-4592-89c7-7e690bdecb5a}</Member><Member>{d5e7ece3-07b5-47b8-8ec0-2937a7977995}</Member><Member>{6dd5b354-7d41-4980-b80d-11870ac41d8f}</Member><Member>{702326f5-6905-434a-a2b9-00a9fa8c85fc}</Member><Member>{d3409d29-1be0-41a7-a7c2-66c78203c4bd}</Member><Member>{644f79d9-5ab4-4c30-8eea-4065372b4abe}</Member><Member>{e04d5db5-23cb-4d3d-bf45-8e397cc3e0ba}</Member><Member>{08685df3-a7b6-444a-aa5c-c659384c61f9}</Member><Member>{3a742eee-b187-481c-b375-bc17e624874c}</Member></group><group guid="{1e7ca682-2652-4045-aa28-a8e34a5b7f5d}" enable="True"><Name>Oracle</Name><CreatedTime>16.06.2015 10:27:32</CreatedTime><CreatedBy>ctxlab\administrator</CreatedBy><LastModifiedTime>09.04.2019 10:59:12</LastModifiedTime><LastModifiedBy>xenapptraining\Administrator</LastModifiedBy><Member>{2b9fe185-804a-4e7e-9cc5-aa539b2cd3a2}</Member><Member>{1746867a-6fc9-46ba-afff-5db1c60518a8}</Member></group><group guid="{178453a5-92ed-4405-b313-9350daa9af9b}" enable="True"><Name>Adobe</Name><CreatedTime>16.06.2015 10:27:32</CreatedTime><CreatedBy>ctxlab\administrator</CreatedBy><LastModifiedTime>26.06.2015 09:16:31</LastModifiedTime><LastModifiedBy>ctxlab\administrator</LastModifiedBy><Member>{6dcd779b-9796-4cc6-b916-00a5632d1a3d}</Member><Member>{6571befe-85c2-4b6e-8920-23a53990f68d}</Member><Member>{0f8603d5-784b-4147-bad9-fc9ef945053f}</Member></group><group guid="{9e527f06-6f93-4778-9519-d6c9e85442d6}" enable="True"><Name>VMware</Name><CreatedTime>16.06.2015 10:27:32</CreatedTime><CreatedBy>ctxlab\administrator</CreatedBy><LastModifiedTime>10.09.2019 10:28:44</LastModifiedTime><LastModifiedBy>ctxlab\eric</LastModifiedBy><Member>{f4dffe45-55bb-43a0-8bac-7fa4e614a3e2}</Member><Member>{9e21f8dd-c3f2-4ef7-945f-6a61a65e7494}</Member><Member>{df83c7b2-98f9-47e1-acd1-e369c90428a6}</Member><Member>{22c4401b-fe5b-4f66-a876-4cf9f41b4593}</Member><Member>{e8feeffe-88bc-46f3-b32a-3829458358d3}</Member><Member>{93c7424d-23b4-4bcb-b3bf-8dbe28207535}</Member><Member>{5769500a-1837-41f3-be7f-b5999b2e190c}</Member><Member>{945fa44f-aa8b-48aa-afd4-2eebb920aca2}</Member><Member>{a3f2ceea-4e5d-488b-8562-595f460965fb}</Member><Member>{f7f24c14-a07c-49b2-a532-8f52dab36d22}</Member></group><group guid="{3f2e6b86-22fd-4c75-9955-edf69428af55}" enable="True"><Name>Bundles</Name><CreatedTime>16.06.2015 10:27:32</CreatedTime><CreatedBy>ctxlab\administrator</CreatedBy><LastModifiedTime>15.08.2019 15:11:16</LastModifiedTime><LastModifiedBy>ctxlab\administrator</LastModifiedBy><Member>{7c8260ea-85d8-4a7d-8a09-b9ccc9e0a3b7}</Member><Member>{8b1806b8-adda-4111-bc68-36c03fdd0080}</Member><Member>{39cba24a-19b3-4154-905f-56bfa5b1a1f7}</Member><Member>{aa0c7f3b-279b-4fc4-af30-6ea5546f7491}</Member><Member>{5057a23a-12cd-47d9-bd4b-6894d055c1fe}</Member><Member>{a7103a1c-a75e-409f-91f9-f8a72eb69eb8}</Member><Member>{8d7a4788-b56b-429d-8c65-ed6c3beb56d2}</Member><Member>{498f8281-7ef6-4b4f-a8e2-6e0a2890e143}</Member><Member>{b880025a-755b-44ec-8752-8c35fcc6e4f1}</Member><Member>{8f16ce30-2dde-4098-be25-6d7b8f74c08e}</Member></group><group guid="{fbed8132-5be3-408a-97f7-51439a4f1f21}" enable="True"><Name>Scripts</Name><CreatedTime>16.06.2015 10:27:32</CreatedTime><CreatedBy>ctxlab\administrator</CreatedBy><LastModifiedTime>02.10.2019 10:05:35</LastModifiedTime><LastModifiedBy>ctxlab\Administrator</LastModifiedBy><Member>{86d601ee-a9ec-48a3-b503-c5a27c4e3efb}</Member><Member>{08f149e8-d1eb-4fc6-95ed-caa662a8d2ec}</Member><Member>{fad86168-b02f-4948-a661-177f0ac3c245}</Member><Member>{433f8272-d8e2-4d3f-9923-2f8a4117ff15}</Member><Member>{dd79447d-2b34-4f3a-b5e1-e728299d3b57}</Member><Member>{39430209-3b52-4faa-b45c-d8fad1808c9e}</Member><Member>{61a3be6e-6ad5-426b-8f99-3ee865093f9e}</Member><Member>{5b9c1389-e9cc-4e02-a6c7-5812baa604dd}</Member><Member>{89981c5f-ceb7-4daf-8f2b-af42ed19fa80}</Member><Member>{25c9a844-f553-4294-b8d5-002849e42d37}</Member><Member>{0413336f-d867-494c-91fe-73c38f18898f}</Member><Member>{9e367edb-1fcd-463d-8dae-f37c95b90118}</Member><Member>{8f7cb13f-3f0d-4b94-a1f3-c26837538547}</Member><Member>{9d767aff-0f14-4ed4-bcff-676f950f93ef}</Member><Member>{a920238d-4412-4c05-b683-841c93aeaf13}</Member><Member>{5d9e99df-01ee-49b7-8b43-bfe3656cacad}</Member><Member>{d6f0b0bd-9580-482f-9951-2c51d8c20b57}</Member></group><group guid="{067da49f-133b-430e-9644-2e5e3c914761}" enable="True"><Name>Misc Vendors</Name><CreatedTime>16.06.2015 10:27:32</CreatedTime><CreatedBy>ctxlab\administrator</CreatedBy><LastModifiedTime>11.09.2019 16:38:26</LastModifiedTime><LastModifiedBy>ctxlab\eric</LastModifiedBy><Member>{e2bd140a-865a-4c13-b6a3-1d510d07b064}</Member><Member>{be88077e-645e-41f6-a201-affc62d07d7e}</Member><Member>{6ded1073-3372-444b-a25f-7fe6cef271d9}</Member><Member>{49bf7564-77c5-48ce-a874-e0e8c8b3018e}</Member><Member>{12e7cd8f-4c8d-4a1c-a500-5eb6dbc4d0a5}</Member><Member>{e15f868e-f929-4651-a538-c93512ced1fd}</Member><Member>{00f55fea-c2c9-4ecf-8a66-855cf3061c6f}</Member><Member>{b7687669-ac4e-4b82-9602-7f507a2fa5b6}</Member><Member>{2835a827-fa5c-47ce-8492-b1bdb62d5d6a}</Member><Member>{d0e167c5-1482-4bbc-8f2f-d733a9d71a4f}</Member><Member>{4193b202-318f-482d-b8cb-0a88ae7c12c8}</Member><Member>{6c785f4d-68ab-4ec3-9762-fbda65a98bcc}</Member><Member>{5fbee14e-00dd-4a34-bfb0-69e188b9db96}</Member><Member>{68fe3055-826c-43bd-9e50-9000f4e71a9b}</Member><Member>{092220ba-d758-4be4-8fb6-a12e2aa355f9}</Member><Member>{847b8752-3ce3-4b7b-b4b9-b1978ba37d70}</Member><Member>{567dd7af-0064-422d-8e12-25cf3f7c7161}</Member><Member>{c44d5a89-d962-4799-a73e-6aca94e4557d}</Member><Member>{c9025234-b747-48f6-bbe3-6f24558597e3}</Member><Member>{cd8419b8-5138-42a1-80ff-ec330658a29e}</Member><Member>{d6e9a28b-6ebe-4d29-8f80-555d84520729}</Member><Member>{95747aff-b9ef-4ef7-a12a-1b87986975c8}</Member><Member>{3b8677e6-2711-4f3a-be0a-1538cef11037}</Member><Member>{cb4908ef-04be-4cfe-979e-eebfb3aa3c0a}</Member><Member>{47bf873a-8ad4-4d23-8ac7-768c1b138d31}</Member><Member>{297419f5-ce26-4ab4-941b-c00f61d996c5}</Member><Member>{3df12be1-469f-4327-a1b5-7fa3a782f003}</Member><Member>{0c25ac7b-b13a-42be-8d6d-40291607069d}</Member><Member>{ea1f67b7-8272-4479-a267-de56c568eefb}</Member><Member>{21454379-7137-4ced-b04f-17b331278310}</Member><Member>{dbde4775-8640-4890-9ef9-16f6ddf21693}</Member><Member>{4828eff9-f2d3-4166-87ee-353565ed9540}</Member><Member>{65fa7614-9cd3-4a9e-b5d7-454c5c7e8982}</Member><Member>{379e5755-8dfb-4436-8a18-71a2effe7424}</Member><Member>{f705d9a6-05b1-4f56-afeb-c5c723bb4e0f}</Member><Member>{22e9f32a-5308-4c0e-a429-6b0737527241}</Member><Member>{53ff62da-6968-4bca-b6c0-09ac9d6a881e}</Member><Member>{a4aafd05-4c0e-4857-ad42-855b9b4d92e4}</Member><Member>{4e2ec33f-0867-4333-93dd-673ee030e504}</Member><Member>{d7613208-f5ac-4b7a-b061-18a38ebd8eab}</Member><Member>{c6ce6d2f-4743-46e1-b461-0a8aa1e6d6f5}</Member><Member>{4e24162c-43b3-45e1-9a90-b74da6f35bc6}</Member><Member>{529a798f-5261-4641-8c8f-0beb7ea074f6}</Member><Member>{3551b613-3619-4f60-8ee1-cbb362a8fb0b}</Member><Member>{f3c07b4c-6b66-4e24-a69e-38502542ed5d}</Member></group><group guid="{00f287d8-5d0f-4dae-a554-0b73dad31197}" enable="True"><Name>Splunk</Name><CreatedTime>16.06.2015 10:27:32</CreatedTime><CreatedBy>ctxlab\administrator</CreatedBy><LastModifiedTime>16.06.2015 10:27:34</LastModifiedTime><LastModifiedBy>ctxlab\administrator</LastModifiedBy><Member>{b07bf87c-42b0-499e-acf5-13e3d8bb9c29}</Member></group><group guid="{0c58f10a-1189-474a-97a3-6d442ce9595b}" enable="True"><Name>FSLogix</Name><CreatedTime>16.06.2015 10:27:32</CreatedTime><CreatedBy>ctxlab\administrator</CreatedBy><LastModifiedTime>04.08.2016 15:56:26</LastModifiedTime><LastModifiedBy>ctxlab\administrator</LastModifiedBy><Member>{b231573e-70dc-4225-9a63-77ef64d320da}</Member><Member>{20448d7b-39ed-4d5b-b956-ef81554f8625}</Member><Member>{6b0b5f28-db0d-42ff-bfe2-99b364124c77}</Member></group><group guid="{87c29cbe-4b82-488a-a264-b19266a35c6f}" enable="True"><Name>Google</Name><Comments></Comments><CreatedTime>4/28/2017 9:29:33 AM</CreatedTime><CreatedBy>xenapptraining\administrator</CreatedBy><LastModifiedTime>4/28/2017 9:31:57 AM</LastModifiedTime><LastModifiedBy>xenapptraining\administrator</LastModifiedBy><Member>{9a0ee360-d8da-4e96-9fc2-dd99be7bc852}</Member></group><group guid="{7150413e-da34-441d-ad09-9cc8826f5070}" enable="True"><Name>Nutanix</Name><Comments></Comments><CreatedTime>5/2/2017 4:54:21 PM</CreatedTime><CreatedBy>ctxlab\administrator</CreatedBy><LastModifiedTime>10.09.2019 10:25:26</LastModifiedTime><LastModifiedBy>ctxlab\eric</LastModifiedBy><Member>{a5a1890b-5e9a-41fb-8b12-448a05df3cb6}</Member><Member>{53cb3813-bc7a-4723-8b5f-cb1de8739839}</Member><Member>{5dba65ec-9156-48d3-9c70-f0b26220d71d}</Member></group><group guid="{b8600794-6c89-4cb2-84d5-c18e0e002ad9}" enable="True"><Name>Parallels</Name><Comments></Comments><CreatedTime>8/25/2017 11:04:54 AM</CreatedTime><CreatedBy>ctxlab\administrator</CreatedBy><LastModifiedTime>8/25/2017 11:19:09 AM</LastModifiedTime><LastModifiedBy>ctxlab\administrator</LastModifiedBy><Member>{9d364843-45cf-4c50-9f76-e5294080bbd3}</Member><Member>{12a2e5f8-07d6-4e60-ae45-16e717edc690}</Member></group><group guid="{4d27f54d-3cdb-49f8-8060-fc35b31098ce}" enable="True"><Name>IGEL</Name><Comments></Comments><CreatedTime>8/25/2017 11:05:02 AM</CreatedTime><CreatedBy>ctxlab\administrator</CreatedBy><LastModifiedTime>8/25/2017 11:05:02 AM</LastModifiedTime><LastModifiedBy>ctxlab\administrator</LastModifiedBy></group><group guid="{ba029204-2f59-4fc7-a054-af9bb773e7d0}" enable="True"><Name>Numecent</Name><Comments></Comments><CreatedTime>1/15/2019 12:12:08 PM</CreatedTime><CreatedBy>xenapptraining\administrator</CreatedBy><LastModifiedTime>1/15/2019 12:13:08 PM</LastModifiedTime><LastModifiedBy>xenapptraining\administrator</LastModifiedBy><Member>{a5871a3b-a7fc-4ff2-8cce-3dc7e249a395}</Member></group></groups>