<?xml version="1.0"?>
<sequence version="3.00" name="Automation Framework Template Server OS" description="Automation Framework Template Server OS">
  <group name="State Restore" disable="false" continueOnError="false" description="" expand="true">
    <condition>
      <expression type="SMS_TaskSequence_VariableConditionExpression">
        <variable name="Variable">PHASE</variable>
        <variable name="Operator">equals</variable>
        <variable name="Value">STATERESTORE</variable>
      </expression>
    </condition>
    <step type="SMS_TaskSequence_SetVariableAction" name="Set Image Build" description="" disable="false" continueOnError="false" successCodeList="0 3010">
      <defaultVarList>
        <variable name="VariableName" property="VariableName">ImageBuild</variable>
        <variable name="VariableValue" property="VariableValue">%OSCURRENTVERSION%</variable>
      </defaultVarList>
      <action>cscript.exe "%SCRIPTROOT%\ZTISetVariable.wsf"</action>
    </step>
    <step type="SMS_TaskSequence_SetVariableAction" name="Set ImageFlags" description="" disable="false" continueOnError="false" successCodeList="0 3010">
      <defaultVarList>
        <variable name="VariableName" property="VariableName">ImageFlags</variable>
        <variable name="VariableValue" property="VariableValue">%OSSKU%</variable>
      </defaultVarList>
      <action>cscript.exe "%SCRIPTROOT%\ZTISetVariable.wsf"</action>
    </step>
    <step type="SMS_TaskSequence_SetVariableAction" name="Set Phase" description="" disable="false" continueOnError="false" successCodeList="0 3010">
      <defaultVarList>
        <variable name="VariableName" property="VariableName">PHASE</variable>
        <variable name="VariableValue" property="VariableValue">STATERESTORE</variable>
      </defaultVarList>
      <action>cscript.exe "%SCRIPTROOT%\ZTISetVariable.wsf"</action>
    </step>
    <step type="SMS_TaskSequence_ApplyNetworkSettingsAction" name="Apply Network Settings" disable="false" continueOnError="false" successCodeList="0" description="" startIn="">
      <action>cscript.exe "%SCRIPTROOT%\ZTINICConfig.wsf"</action>
      <defaultVarList>
        <variable name="OSDAdapterCount" property="NumAdapters">0</variable>
        <variable name="OSDAdapter" property="Adapters">0</variable>
      </defaultVarList>
    </step>
    <step type="BDD_Gather" name="Gather local only" disable="false" continueOnError="false" successCodeList="0 3010" description="" startIn="">
      <defaultVarList>
        <variable name="GatherLocalOnly" property="GatherLocalOnly">true</variable>
        <variable name="RulesFile" property="RulesFile"></variable>
      </defaultVarList>
      <action>cscript.exe "%SCRIPTROOT%\ZTIGather.wsf"</action>
    </step>
    <step name="Post-Apply Cleanup" disable="false" continueOnError="false" successCodeList="0" description="" startIn="" successCodes="0 3010">
      <action>cscript.exe "%SCRIPTROOT%\LTIApply.wsf" /post</action>
      <defaultVarList>
        <variable name="RunAsUser" property="RunAsUser">false</variable>
        <variable name="SMSTSRunCommandLineUserName" property="SMSTSRunCommandLineUserName"></variable>
        <variable name="SMSTSRunCommandLineUserPassword" property="SMSTSRunCommandLineUserPassword"></variable>
        <variable name="LoadProfile" property="LoadProfile">false</variable>
      </defaultVarList>
    </step>
    <step type="BDD_RecoverDomainJoin" name="Recover From Domain " description="" disable="false" continueOnError="false" runIn="WinPEandFullOS" successCodeList="0 3010">
      <defaultVarList>
        <variable name="DomainErrorRecovery" property="DomainErrorRecovery">Auto</variable>
      </defaultVarList>
      <action>cscript.exe "%SCRIPTROOT%\ZTIDomainJoin.wsf" </action>
    </step>
    <step name="Tattoo" disable="false" continueOnError="true" successCodeList="0 3010" description="" startIn="">
      <action>cscript.exe "%SCRIPTROOT%\ZTITatoo.wsf"</action>
      <defaultVarList>
        <variable name="RunAsUser" property="RunAsUser">false</variable>
        <variable name="SMSTSRunCommandLineUserName" property="SMSTSRunCommandLineUserName"></variable>
        <variable name="SMSTSRunCommandLineUserPassword" property="SMSTSRunCommandLineUserPassword"></variable>
        <variable name="LoadProfile" property="LoadProfile">false</variable>
      </defaultVarList>
    </step>
    <step name="Windows Update (Pre-Application Installation)" disable="false" continueOnError="true" successCodeList="0 3010" description="" startIn="">
      <action>cscript.exe "%SCRIPTROOT%\ZTIWindowsUpdate.wsf"</action>
      <defaultVarList>
        <variable name="RunAsUser" property="RunAsUser">false</variable>
        <variable name="SMSTSRunCommandLineUserName" property="SMSTSRunCommandLineUserName"></variable>
        <variable name="SMSTSRunCommandLineUserPassword" property="SMSTSRunCommandLineUserPassword"></variable>
        <variable name="LoadProfile" property="LoadProfile">false</variable>
      </defaultVarList>
      <condition>
        <operator type="and">
          <expression type="SMS_TaskSequence_VariableConditionExpression">
            <variable name="Variable">WindowsUpdate</variable>
            <variable name="Operator">equals</variable>
            <variable name="Value">True</variable>
          </expression>
        </operator>
      </condition>
    </step>
    <step type="SMS_TaskSequence_RebootAction" name="Restart computer" description="" disable="false" continueOnError="false" runIn="WinPEandFullOS" successCodeList="0 3010">
      <defaultVarList>
        <variable name="SMSRebootMessage" property="Message"></variable>
        <variable name="SMSRebootTimeout" property="MessageTimeout">60</variable>
        <variable name="SMSRebootTarget" property="Target"></variable>
      </defaultVarList>
      <action>smsboot.exe /target:WinPE</action>
    </step>
    <step name="Windows Update (Post-Application Installation)" disable="false" continueOnError="true" successCodeList="0 3010" description="" startIn="">
      <action>cscript.exe "%SCRIPTROOT%\ZTIWindowsUpdate.wsf"</action>
      <defaultVarList>
        <variable name="RunAsUser" property="RunAsUser">false</variable>
        <variable name="SMSTSRunCommandLineUserName" property="SMSTSRunCommandLineUserName"></variable>
        <variable name="SMSTSRunCommandLineUserPassword" property="SMSTSRunCommandLineUserPassword"></variable>
        <variable name="LoadProfile" property="LoadProfile">false</variable>
      </defaultVarList>
      <condition>
        <operator type="and">
          <expression type="SMS_TaskSequence_VariableConditionExpression">
            <variable name="Variable">WindowsUpdate</variable>
            <variable name="Operator">equals</variable>
            <variable name="Value">True</variable>
          </expression>
        </operator>
      </condition>
    </step>
    <step type="SMS_TaskSequence_RebootAction" name="Restart computer" description="" disable="false" continueOnError="false" runIn="WinPEandFullOS" successCodeList="0 3010">
      <defaultVarList>
        <variable name="SMSRebootMessage" property="Message"></variable>
        <variable name="SMSRebootTimeout" property="MessageTimeout">60</variable>
        <variable name="SMSRebootTarget" property="Target"></variable>
      </defaultVarList>
      <action>smsboot.exe /target:WinPE</action>
    </step>
    <group expand="false" name="Applications" description="" disable="false" continueOnError="false">
      <action />
      <step type="BDD_InstallApplication" name="Base Image Script Framework" description="" disable="false" continueOnError="false" runIn="WinPEandFullOS" successCodeList="0 3010">
        <defaultVarList>
          <variable name="ApplicationGUID" property="ApplicationGUID">{e15f868e-f929-4651-a538-c93512ced1fd}</variable>
          <variable name="ApplicationSuccessCodes" property="ApplicationSuccessCodes">0 3010</variable>
        </defaultVarList>
        <action>cscript.exe "%SCRIPTROOT%\ZTIApplications.wsf"</action>
      </step>
      <step type="BDD_InstallApplication" name="Citrix App Layering OS Machine Tools" description="" disable="false" continueOnError="false" runIn="WinPEandFullOS" successCodeList="0 3010">
        <defaultVarList>
          <variable name="ApplicationGUID" property="ApplicationGUID">{1405e166-e40e-455b-9a47-4ee6f431152c}</variable>
          <variable name="ApplicationSuccessCodes" property="ApplicationSuccessCodes">0 3010</variable>
        </defaultVarList>
        <action>cscript.exe "%SCRIPTROOT%\ZTIApplications.wsf"</action>
      </step>
      <step type="SMS_TaskSequence_RebootAction" name="Restart computer" description="" disable="false" continueOnError="false" runIn="WinPEandFullOS" successCodeList="0 3010">
        <defaultVarList>
          <variable name="SMSRebootMessage" property="Message"></variable>
          <variable name="SMSRebootTimeout" property="MessageTimeout">60</variable>
          <variable name="SMSRebootTarget" property="Target"></variable>
        </defaultVarList>
        <action>smsboot.exe /target:WinPE</action>
      </step>
      <step type="SMS_TaskSequence_RunCommandLineAction" name="Base Image Script Framework" description="" disable="false" continueOnError="false" startIn="&quot;C:\Program Files (x86)\Base Image Script Framework (BIS-F)\PrepareMDTBaseImage.cmd&quot;" successCodeList="0 3010" runIn="WinPEandFullOS">
        <defaultVarList>
          <variable name="PackageID" property="PackageID" />
          <variable name="RunAsUser" property="RunAsUser">true</variable>
          <variable name="SMSTSRunCommandLineUserName" property="SMSTSRunCommandLineUserName">administrator</variable>
          <variable name="SMSTSRunCommandLineUserPassword" property="SMSTSRunCommandLineUserPassword">P@ssw0rd</variable>
          <variable name="LoadProfile" property="LoadProfile">true</variable>
        </defaultVarList>
        <action>%TOOLROOT%\bddrun.exe /runas cmd /c "C:\Program Files (x86)\Base Image Script Framework (BIS-F)\PrepareMDTBaseImage.cmd"</action>
        <condition>
          <operator type="or">
            <expression type="SMS_TaskSequence_VariableConditionExpression">
              <variable name="Variable">BISF</variable>
              <variable name="Operator">equals</variable>
              <variable name="Value">True</variable>
            </expression>
          </operator>
        </condition>
      </step>
    </group>
    <step type="SMS_TaskSequence_EnableBitLockerAction" name="Enable BitLocker" continueOnError="true" successCodeList="0 3010" description="" startIn="">
      <action>cscript.exe "%SCRIPTROOT%\ZTIBde.wsf"</action>
      <condition>
        <expression type="SMS_TaskSequence_VariableConditionExpression">
          <variable name="Variable">BdeInstallSuppress</variable>
          <variable name="Operator">notEquals</variable>
          <variable name="Value">YES</variable>
        </expression>
      </condition>
      <defaultVarList>
        <variable name="OSDBitLockerTargetDrive" property="BdeTargetDriveLetter"></variable>
        <variable name="OSDBitLockerMode" property="BdeInstall">TPM</variable>
        <variable name="OSDBitLockerStartupKeyDrive" property="BdeKeyLocation"></variable>
        <variable name="OSDBitLockerCreateRecoveryPassword" property="BdeRecoveryPassword">AD</variable>
        <variable name="OSDBitLockerWaitForEncryption" property="WaitForEncryption">false</variable>
      </defaultVarList>
    </step>
    <step name="Restore Groups" disable="false" continueOnError="false" successCodeList="0 3010" description="" startIn="">
      <action>cscript.exe "%SCRIPTROOT%\ZTIGroups.wsf" /restore</action>
      <defaultVarList>
        <variable name="RunAsUser" property="RunAsUser">false</variable>
        <variable name="SMSTSRunCommandLineUserName" property="SMSTSRunCommandLineUserName"></variable>
        <variable name="SMSTSRunCommandLineUserPassword" property="SMSTSRunCommandLineUserPassword"></variable>
        <variable name="LoadProfile" property="LoadProfile">false</variable>
      </defaultVarList>
    </step>
    <step name="Apply Local GPO Package" description="" disable="false" continueOnError="true" startIn="" successCodeList="0 3010">
      <action>cscript.exe "%SCRIPTROOT%\ZTIApplyGPOPack.wsf"</action>
      <condition>
        <expression type="SMS_TaskSequence_VariableConditionExpression">
          <variable name="Variable">ApplyGPOPack</variable>
          <variable name="Operator">notEquals</variable>
          <variable name="Value">NO</variable>
        </expression>
      </condition>
      <defaultVarList>
        <variable name="RunAsUser" property="RunAsUser">false</variable>
        <variable name="SMSTSRunCommandLineUserName" property="SMSTSRunCommandLineUserName"></variable>
        <variable name="SMSTSRunCommandLineUserPassword" property="SMSTSRunCommandLineUserPassword"></variable>
        <variable name="LoadProfile" property="LoadProfile">false</variable>
      </defaultVarList>
    </step>
    <group expand="false" name="Imaging" description="" disable="false" continueOnError="false">
      <action />
      <group name="Prepare Only" disable="false" continueOnError="false" expand="false" description="">
        <condition>
          <expression type="SMS_TaskSequence_VariableConditionExpression">
            <variable name="Variable">DoCapture</variable>
            <variable name="Operator">equals</variable>
            <variable name="Value">PREPARE</variable>
          </expression>
        </condition>
        <step name="Copy Sysprep files" disable="false" continueOnError="false" successCodeList="0 3010" description="" startIn="">
          <action>cscript.exe "%SCRIPTROOT%\LTISysprep.wsf"</action>
          <defaultVarList>
            <variable name="RunAsUser" property="RunAsUser">false</variable>
            <variable name="SMSTSRunCommandLineUserName" property="SMSTSRunCommandLineUserName"></variable>
            <variable name="SMSTSRunCommandLineUserPassword" property="SMSTSRunCommandLineUserPassword"></variable>
            <variable name="LoadProfile" property="LoadProfile">false</variable>
          </defaultVarList>
        </step>
      </group>
      <group name="Sysprep Only" disable="false" continueOnError="false" expand="false" description="">
        <condition>
          <expression type="SMS_TaskSequence_VariableConditionExpression">
            <variable name="Variable">DoCapture</variable>
            <variable name="Operator">equals</variable>
            <variable name="Value">SYSPREP</variable>
          </expression>
        </condition>
        <step name="Add mass storage drivers to sysprep.inf for XP and 2003" disable="false" continueOnError="false" successCodeList="0 3010" description="" startIn="">
          <action>cscript.exe "%SCRIPTROOT%\ZTIDrivers.wsf"</action>
          <defaultVarList>
            <variable name="RunAsUser" property="RunAsUser">false</variable>
            <variable name="SMSTSRunCommandLineUserName" property="SMSTSRunCommandLineUserName"></variable>
            <variable name="SMSTSRunCommandLineUserPassword" property="SMSTSRunCommandLineUserPassword"></variable>
            <variable name="LoadProfile" property="LoadProfile">false</variable>
          </defaultVarList>
        </step>
        <step name="Execute Sysprep" disable="false" continueOnError="false" successCodeList="0 3010" description="" startIn="">
          <action>cscript.exe "%SCRIPTROOT%\LTISysprep.wsf"</action>
          <defaultVarList>
            <variable name="RunAsUser" property="RunAsUser">false</variable>
            <variable name="SMSTSRunCommandLineUserName" property="SMSTSRunCommandLineUserName"></variable>
            <variable name="SMSTSRunCommandLineUserPassword" property="SMSTSRunCommandLineUserPassword"></variable>
            <variable name="LoadProfile" property="LoadProfile">false</variable>
          </defaultVarList>
        </step>
      </group>
      <group name="Capture Image" disable="false" continueOnError="false" expand="false" description="">
        <condition>
          <expression type="SMS_TaskSequence_VariableConditionExpression">
            <variable name="Variable">DoCapture</variable>
            <variable name="Operator">equals</variable>
            <variable name="Value">YES</variable>
          </expression>
        </condition>
        <step name="Apply Windows PE" disable="false" continueOnError="false" successCodeList="0 3010" description="" startIn="">
          <action>cscript.exe "%SCRIPTROOT%\LTIApply.wsf" /PE /STAGE</action>
          <defaultVarList>
            <variable name="RunAsUser" property="RunAsUser">false</variable>
            <variable name="SMSTSRunCommandLineUserName" property="SMSTSRunCommandLineUserName"></variable>
            <variable name="SMSTSRunCommandLineUserPassword" property="SMSTSRunCommandLineUserPassword"></variable>
            <variable name="LoadProfile" property="LoadProfile">false</variable>
          </defaultVarList>
        </step>
        <step name="Add mass storage drivers to sysprep.inf for XP and 2003" disable="false" continueOnError="false" successCodeList="0 3010" description="" startIn="">
          <action>cscript.exe "%SCRIPTROOT%\ZTIDrivers.wsf"</action>
          <defaultVarList>
            <variable name="RunAsUser" property="RunAsUser">false</variable>
            <variable name="SMSTSRunCommandLineUserName" property="SMSTSRunCommandLineUserName"></variable>
            <variable name="SMSTSRunCommandLineUserPassword" property="SMSTSRunCommandLineUserPassword"></variable>
            <variable name="LoadProfile" property="LoadProfile">false</variable>
          </defaultVarList>
        </step>
        <step name="Execute Sysprep" disable="false" continueOnError="false" successCodeList="0 3010" description="" startIn="">
          <action>cscript.exe "%SCRIPTROOT%\LTISysprep.wsf"</action>
          <defaultVarList>
            <variable name="RunAsUser" property="RunAsUser">false</variable>
            <variable name="SMSTSRunCommandLineUserName" property="SMSTSRunCommandLineUserName"></variable>
            <variable name="SMSTSRunCommandLineUserPassword" property="SMSTSRunCommandLineUserPassword"></variable>
            <variable name="LoadProfile" property="LoadProfile">false</variable>
          </defaultVarList>
        </step>
        <step name="Apply Windows PE (BCD)" disable="false" continueOnError="false" successCodeList="0 3010" description="" startIn="">
          <action>cscript.exe "%_SMSTSMDataPath%\Scripts\LTIApply.wsf" /PE /BCD</action>
          <condition>
            <expression type="SMS_TaskSequence_VariableConditionExpression">
              <variable name="Variable">ImageBuild</variable>
              <variable name="Operator">greaterEqual</variable>
              <variable name="Value">6</variable>
            </expression>
          </condition>
          <defaultVarList>
            <variable name="RunAsUser" property="RunAsUser">false</variable>
            <variable name="SMSTSRunCommandLineUserName" property="SMSTSRunCommandLineUserName"></variable>
            <variable name="SMSTSRunCommandLineUserPassword" property="SMSTSRunCommandLineUserPassword"></variable>
            <variable name="LoadProfile" property="LoadProfile">false</variable>
          </defaultVarList>
        </step>
        <step type="SMS_TaskSequence_RebootAction" name="Restart computer" description="" disable="false" continueOnError="false" runIn="WinPEandFullOS" successCodeList="0 3010">
          <action>smsboot.exe /target:WinPE</action>
        </step>
        <step type="BDD_Gather" name="Gather local only" disable="false" continueOnError="false" successCodeList="0 3010" description="" startIn="">
          <defaultVarList>
            <variable name="GatherLocalOnly" property="GatherLocalOnly">true</variable>
            <variable name="RulesFile" property="RulesFile"></variable>
          </defaultVarList>
          <action>cscript.exe "%SCRIPTROOT%\ZTIGather.wsf"</action>
        </step>
        <step name="Create WIM" disable="false" continueOnError="false" successCodeList="0 3010" description="" startIn="">
          <action>cscript.exe "%SCRIPTROOT%\ZTIBackup.wsf"</action>
          <defaultVarList>
            <variable name="RunAsUser" property="RunAsUser">false</variable>
            <variable name="SMSTSRunCommandLineUserName" property="SMSTSRunCommandLineUserName"></variable>
            <variable name="SMSTSRunCommandLineUserPassword" property="SMSTSRunCommandLineUserPassword"></variable>
            <variable name="LoadProfile" property="LoadProfile">false</variable>
          </defaultVarList>
        </step>
      </group>
    </group>
    <step name="Restore Groups" disable="false" continueOnError="false" successCodeList="0 3010" description="" startIn="">
      <action>cscript.exe "%SCRIPTROOT%\ZTIGroups.wsf" /restore</action>
      <condition>
        <operator type="and">
          <expression type="SMS_TaskSequence_VariableConditionExpression">
            <variable name="Variable">DoCapture</variable>
            <variable name="Operator">notEquals</variable>
            <variable name="Value">YES</variable>
          </expression>
          <expression type="SMS_TaskSequence_VariableConditionExpression">
            <variable name="Variable">DoCapture</variable>
            <variable name="Operator">notEquals</variable>
            <variable name="Value">PREPARE</variable>
          </expression>
          <expression type="SMS_TaskSequence_VariableConditionExpression">
            <variable name="Variable">DoCapture</variable>
            <variable name="Operator">notEquals</variable>
            <variable name="Value">SYSPREP</variable>
          </expression>
        </operator>
      </condition>
      <defaultVarList>
        <variable name="RunAsUser" property="RunAsUser">false</variable>
        <variable name="SMSTSRunCommandLineUserName" property="SMSTSRunCommandLineUserName"></variable>
        <variable name="SMSTSRunCommandLineUserPassword" property="SMSTSRunCommandLineUserPassword"></variable>
        <variable name="LoadProfile" property="LoadProfile">false</variable>
      </defaultVarList>
    </step>
  </group>
</sequence>